Values,CASCI,HF,DFT,VQE_UCCSD,VQE_RyRz,q-ADAPT_VQE,NumPy
eq_dist,1.7138924506109747,1.732089853580312,1.6884000108216484,1.7335816690283612,1.7078422913192726,1.7324853954504191,1.7336068363789383
eq_dist_err,0.05151452622499217,0.01620636002018032,0.041059699522663466,0.04749027435904943,0.17605703129554165,0.05785896580449087,0.053167796928673475
bnd_eng,-0.09877618675881195,-0.09999999999990905,-0.10000000002878551,-0.1000000000037744,-0.10000000000013642,-0.10000000004220055,-0.10000000001355147
bnd_eng_err,0.388648514533615,0.024746041970488478,0.04864191228259994,0.05552596240575269,0.21658907936189495,0.06831697209193816,0.0623367233390056
