distance_A,CASCI_Energy_Ha,DFT_Energy_Ha,HF_Energy_Ha,AVQE_Energy_Ha,Numpy_Energy_Ha,IBMQ_Montreal_Energy_Ha,RYRZ_Energy_Ha,UCCSD_Energy_Ha
0.6,-1953.3283539097813,-1953.1615172105453,-1953.199053792805,-1953.177480844024,-1953.180211114724,-266.8191919411193,-1952.694355248821,-1953.1802107876206
0.8999999999999999,-1961.9579383915357,-1961.6825177716732,-1961.843990373637,-1961.8124301730732,-1961.8130011233916,-272.33446153731563,-1961.4821313854477,-1961.8130009282054
1.1999999999999997,-1963.922971173457,-1963.5468517228262,-1963.8132700358967,-1963.7834467098212,-1963.783924356618,-274.0642070953662,-1963.2636391534068,-1963.7839242089874
1.4999999999999998,-1964.3799582538682,-1963.9448304217121,-1964.2649020617991,-1964.2372108637915,-1964.2374556601549,-273.73619124628453,-1963.8038676428591,-1964.2374553493974
1.7999999999999998,-1964.4605901154,-1963.9950645851814,-1964.342359178438,-1964.3153417580643,-1964.3155422298892,-274.24814025928885,-1963.872432632038,-1964.3155420713651
2.0999999999999996,-1964.4518532589384,-1963.971851968268,-1964.335356016493,-1964.3089355933018,-1964.3092118554198,-274.4410569201074,-1963.8628257770295,-1964.3092115996267
2.3999999999999995,-1964.4280467294552,-1963.9408528124786,-1964.313855721754,-1964.2878742736093,-1964.2880946341052,-274.1570310065679,-1963.8767594429596,-1964.2880944543458
2.6999999999999997,-1964.3586836829656,-1963.9210247946708,-1964.2943737895175,-1964.2646999690446,-1964.2655105958934,-274.21547643309924,-1964.2649336001386,-1964.2655105381282
2.9999999999999996,-1964.3017022284662,-1964.2800556996842,-1964.2800556996992,-1963.556142840442,-1964.2513211551643,-274.38567236030013,-1964.1675439414314,-1964.250832002471
