distance_A,CASCI_Energy_Ha,DFT_Energy_Ha,HF_Energy_Ha,AVQE_Energy_Ha,Numpy_Energy_Ha,IBMQ_Montreal_Energy_Ha,RYRZ_Energy_Ha,UCCSD_Energy_Ha
0.6,-1815.0907039296726,-1815.493234501602,-1814.9554836833092,-1814.9272867277334,-1815.6879813446901,-266.8191919411193,-1815.0033462308058,-1814.9323968065248
0.8999999999999999,-1823.2576378690665,-1823.6186107728354,-1823.1282677700983,-1823.0915385800604,-1823.7406875512438,-272.33446153731563,-1822.8762702174795,-1823.0921270286003
1.1999999999999997,-1825.0882359019538,-1825.3917273689956,-1824.9922917548254,-1824.9182307648755,-1825.4098635077296,-274.0642070953662,-1825.3316887768149,-1824.9191274108427
1.4999999999999998,-1825.5235061721269,-1825.7736825864818,-1825.4479562912275,-1825.3775394901722,-1825.9474015215328,-273.73619124628453,-1825.9473999329987,-1825.3777413233795
1.7999999999999998,-1825.5380700812577,-1825.5143311942911,-1825.5243491896047,-1825.4475357141935,-1826.1016033994122,-274.24814025928885,-1826.0944015142252,-1825.4705552507999
2.0999999999999996,-1825.537761846207,-1825.5147541387598,-1825.514754139343,-1825.4327570738346,-1826.1427879788646,-274.4410569201074,-1826.1309188082034,-1825.4415366929368
2.3999999999999995,-1825.401101560887,-1825.3592052542826,-1825.3331065847697,-1825.4092929426924,-1826.1590159607367,-274.1570310065679,-1826.1590040331544,-1825.410151340347
2.6999999999999997,-1825.4924107643992,-1825.4705587843555,-1825.336973877115,-1825.372046198568,-1826.1620024197555,-274.21547643309924,-1826.1551150860207,-1825.3721290303858
2.9999999999999996,-1825.4797422481988,-1825.4580801716595,-1825.2238139522303,-1823.193357723379,-1825.961735439118,-274.38567236030013,-1825.9528229762427,-1825.196336570264
