Values,CASCI,HF,DFT,VQE_UCCSD,VQE_RyRz,q-ADAPT_VQE,NumPy
eq_dist,1.9605808704200414,1.9582444625917428,1.898832966376383,1.9438143760470878,2.3017049796857734,1.9508284831079614,1.9520104961597802
eq_dist_err,0.044791704283622814,0.048809818821001556,0.06543173715174,0.03927052877359485,1.2971182716387708,0.037614863041827346,0.035912806261393995
bnd_eng,-0.09028685690520888,-0.10000000004680487,-0.10119686359286106,-0.10000004370738225,-0.10000000001667786,-0.1000000000159389,-0.10000000689535682
bnd_eng_err,0.388648514533615,0.05567611801904416,0.07527172291531013,0.044852990290719104,1.4424476373283348,0.04293494720014897,0.040988656860766186
