distance_A,CASCI_Energy_Ha,DFT_Energy_Ha,HF_Energy_Ha,AVQE_Energy_Ha,Numpy_Energy_Ha,IBMQ_Montreal_Energy_Ha,RYRZ_Energy_Ha,UCCSD_Energy_Ha
0.6,-301.4731453145974,-302.28149965921233,-301.3353575580158,-301.3485225287836,-301.4219351042439,-266.8191919411193,-300.9758126316465,-301.3524608043424
0.8999999999999999,-305.9007220302577,-306.6199149167386,-305.769281646574,-305.76939702256266,-305.78543157528696,-272.33446153731563,-304.8872807230083,-305.78543092769115
1.1999999999999997,-307.35326736062655,-307.9212788682678,-307.2129627339839,-307.2238756760063,-307.2296714846027,-274.0642070953662,-306.454918556313,-307.2296714317006
1.4999999999999998,-307.8127170583904,-308.3424999203784,-307.6730982226277,-307.6833561575903,-307.6869025322069,-273.73619124628453,-307.35891726393845,-307.6869024894761
1.7999999999999998,-307.9337897222608,-308.4491840126121,-307.79374539747386,-307.78261588255776,-307.78277886682577,-274.24814025928885,-306.4001271102256,-307.78277872067656
2.0999999999999996,-307.9545392224025,-308.46442361914654,-307.8146431017206,-307.80322467839,-307.80344468847215,-274.4410569201074,-307.5395754629824,-307.8034445209186
2.3999999999999995,-307.9473682381175,-308.4568061858978,-307.80806283225985,-307.7964440932629,-307.7966780257584,-274.1570310065679,-307.5621318290089,-307.7966778694469
2.6999999999999997,-307.93405992348306,-308.4438118886777,-307.79578308830946,-307.78404989943897,-307.7842481527904,-274.21547643309924,-307.5731654594709,-307.78424794564705
2.9999999999999996,-307.92164063047954,-308.4314944129668,-307.7846525467193,-307.77284905821097,-307.7729817204963,-274.38567236030013,-307.57919785337606,-307.77298159196596
