Values,CASCI,HF,DFT,VQE_UCCSD,VQE_RyRz,q-ADAPT_VQE,NumPy
eq_dist,1.7512527125329254,1.7598933088027118,1.7039839612896397,1.756929534298533,1.8506108559268035,1.7570242268049057,1.7569295706502537
eq_dist_err,0.052798871827885334,0.06454885586333824,0.04941623959055196,0.08531530979652502,0.036173775478623195,0.06567961630175213,0.09265343249307077
bnd_eng,-0.09989106496828981,-0.10000000000741238,-0.10000000000832188,-0.10000000009290488,-0.10000000000013642,-0.10000000000013642,-0.10000000000536602
bnd_eng_err,0.388648514533615,0.07881534340776926,0.05938940756591663,0.09908926021964677,0.04190689900880841,0.08106635881865935,0.10823548154631486
