Values,CASCI,HF,DFT,VQE_UCCSD,VQE_RyRz,q-ADAPT_VQE,NumPy
eq_dist,1.7281927489887772,1.73468293922632,1.698647904690369,1.7361691927811047,1.77979349152788,1.7354359449856558,1.7316305780854795
eq_dist_err,0.04948715047568482,0.046426646577557094,0.04181144768161699,0.04600129359241546,0.0961302636612306,0.04242054535564605,0.04726366047873322
bnd_eng,-0.09935600603944295,-0.10036919636854691,-0.10048383508524239,-0.10000000010199983,-0.10007069090897858,-0.10000000006039045,-0.10445933486926151
bnd_eng_err,0.388648514533615,0.05436578939148912,0.05011944619440956,0.054155503581717924,0.11726265403823852,0.05157942640216688,0.0559146653748367
