Values,CASCI,HF,DFT,VQE_UCCSD,VQE_RyRz,q-ADAPT_VQE,NumPy
eq_dist,1.8570667024703835,1.8579805238473837,1.8133322245006953,1.8607407027144245,1.7300202863247496,1.859667886331666,1.8607407311619113
eq_dist_err,0.015220310758186134,0.016282376929337476,0.01886020651342335,0.01521575634767394,0.2937730663589869,0.016223529199859126,0.01682159068429987
bnd_eng,-0.0974835018770932,-0.10000000000019327,-0.10000000000263753,-0.10000000000763976,-0.10007021283365702,-0.10000000015418209,-0.10000000000002274
bnd_eng_err,0.388648514533615,0.01877577910210587,0.021778945039725873,0.017644980523423528,0.3430327959524033,0.01867398887888043,0.019323116845688524
